Job_title,Department,Business_unit,Gender,Ethnicity,Age,Annual_salary,Award,Country,City,Hiring_year,Work_duration,mean_salary_by_country,mean_salary_by_city,mean_salary_by_job_title
0,4,3,0,2,39,76759,-0.6837226800990269,2,7,2020,5,110555.87,111679.74,65423.93
8,1,0,1,0,53,168142,1.553237315377947,1,1,2015,10,108518.71,118365.36,154442.62
0,4,0,0,0,64,76506,-0.6837226800990269,2,0,2003,22,110555.87,112919.81,65423.93
0,0,2,0,0,37,40508,-0.6837226800990269,1,1,2017,8,108518.71,118365.36,65423.93
14,3,1,1,0,31,99937,-0.6837226800990269,2,8,2021,4,110555.87,113431.1,84523.89
9,3,0,1,0,34,71808,-0.6837226800990269,1,2,2018,7,108518.71,107533.96,62471.53
15,0,2,0,0,56,60517,-0.6837226800990269,2,5,2017,8,110555.87,106790.3,72277.69
9,3,3,1,0,25,54353,-0.6837226800990269,2,3,2021,4,110555.87,117845.74,62471.53
4,3,3,0,0,46,69110,-0.6837226800990269,2,10,2022,3,110555.87,100804.94,74141.06
15,0,0,0,1,27,51321,-0.6837226800990269,2,10,2021,4,110555.87,100804.94,72277.69
0,4,0,0,2,25,71222,-0.6837226800990269,0,6,2021,4,110765.62,109274.83,65423.93
0,0,0,0,2,36,54355,-0.6837226800990269,2,8,2020,5,110555.87,113431.1,65423.93
0,2,0,1,2,61,73323,-0.6837226800990269,2,0,2011,14,110555.87,112919.81,65423.93
10,0,0,1,0,44,121788,0.3933321325380346,2,8,2007,18,110555.87,113431.1,122619.67
15,0,1,1,0,58,85094,-0.6837226800990269,1,2,2014,11,108518.71,107533.96,72277.69
0,4,0,0,2,48,71542,-0.6837226800990269,2,3,2005,20,110555.87,117845.74,65423.93
5,3,1,0,0,28,61573,-0.6837226800990269,2,3,2019,6,110555.87,117845.74,86000.4
0,0,2,1,0,40,59447,-0.6837226800990269,2,0,2021,4,110555.87,112919.81,65423.93
0,0,0,0,0,63,45337,-0.6837226800990269,2,10,2010,15,110555.87,100804.94,65423.93
8,3,2,1,2,38,168410,1.8017884259864994,2,3,2018,7,110555.87,117845.74,154442.62
8,4,0,0,2,49,156276,1.1389854643636927,2,0,2013,12,110555.87,112919.81,154442.62
15,0,2,1,2,55,74216,-0.6837226800990269,0,6,2003,22,110765.62,109274.83,72277.69
10,2,0,0,0,57,122979,-0.18662045888192166,2,8,2013,12,110555.87,113431.1,122619.67
1,2,0,1,0,37,214782,1.9674891663922014,2,3,2015,10,110555.87,117845.74,219659.46
12,3,1,1,2,31,60827,-0.6837226800990269,2,8,2021,4,110555.87,113431.1,76039.56
15,0,2,1,0,46,74912,-0.6837226800990269,2,8,2003,22,110555.87,113431.1,72277.69
9,3,2,1,0,58,85716,-0.6837226800990269,1,4,2021,4,108518.71,104913.33,62471.53
16,1,0,0,2,53,75060,-0.6837226800990269,2,5,2009,16,110555.87,106790.3,81257.92
10,0,0,0,2,61,135561,0.3933321325380346,0,6,1997,28,110765.62,109274.83,122619.67
1,4,3,0,2,60,231907,2.464591387609307,2,0,1997,28,110555.87,112919.81,219659.46
10,0,0,0,0,42,112593,-0.2694708290847725,2,10,2018,7,110555.87,100804.94,122619.67
10,0,1,0,0,54,128791,-0.18662045888192166,2,7,2009,16,110555.87,111679.74,122619.67
1,0,3,0,0,28,199406,2.464591387609307,1,2,2020,5,108518.71,107533.96,219659.46
13,1,3,1,0,42,93851,-0.6837226800990269,2,7,2015,10,110555.87,111679.74,78486.88
1,0,1,0,2,65,224872,2.5474417578121575,0,12,2002,23,110765.62,111856.37,219659.46
8,0,0,0,2,62,185026,1.3046862047693941,0,6,2011,14,110765.62,109274.83,154442.62
0,4,2,1,0,30,76014,-0.6837226800990269,1,2,2020,5,108518.71,107533.96,65423.93
10,3,3,0,0,52,89379,0.14478102192948197,2,10,2014,11,110555.87,100804.94,122619.67
1,2,3,1,2,33,187917,2.216040277000754,2,3,2018,7,110555.87,117845.74,219659.46
8,1,3,0,2,59,69245,-0.6837226800990269,2,8,1993,32,110555.87,113431.1,154442.62
10,4,2,1,0,31,115565,-0.18662045888192166,2,8,2021,4,110555.87,113431.1,122619.67
8,1,1,1,0,33,82906,-0.6837226800990269,1,2,2015,10,108518.71,107533.96,154442.62
13,1,3,0,2,62,86805,-0.6837226800990269,2,0,2009,16,110555.87,112919.81,78486.88
10,3,2,1,2,53,150893,0.3933321325380346,2,3,1999,26,110555.87,117845.74,122619.67
1,0,1,1,0,35,180858,1.9674891663922014,1,4,2021,4,108518.71,104913.33,219659.46
2,1,0,1,0,55,121976,-0.6837226800990269,1,4,2015,10,108518.71,104913.33,103745.09
10,2,0,0,0,53,147813,0.3933321325380346,2,3,2008,17,110555.87,117845.74,122619.67
11,3,3,0,0,55,87857,-0.6837226800990269,2,0,2012,13,110555.87,112919.81,80432.44
10,0,2,1,0,27,133267,0.31048176233518365,2,8,2021,4,110555.87,113431.1,122619.67
0,0,2,1,0,30,52292,-0.6837226800990269,1,2,2018,7,108518.71,107533.96,65423.93
7,3,3,0,2,63,83070,-0.6837226800990269,0,12,2004,21,110765.62,111856.37,88231.08
8,1,3,0,0,45,182717,1.4703869451750962,2,5,2022,3,110555.87,106790.3,154442.62
0,0,3,0,2,56,42950,-0.6837226800990269,0,9,2020,5,110765.62,111071.12,65423.93
14,3,0,1,1,50,80350,-0.6837226800990269,2,7,2018,7,110555.87,111679.74,84523.89
1,3,1,1,2,36,253741,2.133189906797903,0,9,2021,4,110765.62,111071.12,219659.46
1,0,1,0,0,58,203739,1.8017884259864994,2,7,2016,9,110555.87,111679.74,219659.46
15,0,0,1,0,25,72693,-0.6837226800990269,2,10,2021,4,110555.87,100804.94,72277.69
8,2,2,0,1,51,178218,1.553237315377947,2,7,2015,10,110555.87,111679.74,154442.62
15,0,1,0,0,38,60799,-0.6837226800990269,2,10,2022,3,110555.87,100804.94,72277.69
8,3,2,0,0,30,154475,0.5590328729437363,1,4,2021,4,108518.71,104913.33,154442.62
10,0,3,1,0,33,133908,0.5590328729437363,2,3,2015,10,110555.87,117845.74,122619.67
13,1,2,1,0,26,82963,-0.6837226800990269,2,0,2022,3,110555.87,112919.81,78486.88
2,1,1,1,0,46,100757,-0.6837226800990269,2,3,2010,15,110555.87,117845.74,103745.09
6,1,2,0,0,41,73059,-0.6837226800990269,1,11,2005,20,108518.71,103324.24,87506.86
0,0,1,1,0,47,93910,-0.6837226800990269,2,7,2011,14,110555.87,111679.74,65423.93
0,0,0,1,0,26,84962,-0.6837226800990269,1,2,2020,5,108518.71,107533.96,65423.93
10,0,1,1,0,43,100822,0.14478102192948197,1,4,2006,19,108518.71,104913.33,122619.67
15,0,1,0,0,31,66721,-0.6837226800990269,1,11,2018,7,108518.71,103324.24,72277.69
5,3,3,0,0,33,81070,-0.6837226800990269,2,7,2020,5,110555.87,111679.74,86000.4
0,0,2,1,0,58,53133,-0.6837226800990269,1,2,2006,19,108518.71,107533.96,65423.93
10,2,2,1,1,65,149474,0.4761825027408856,2,8,2007,18,110555.87,113431.1,122619.67
0,0,3,0,0,44,75362,-0.6837226800990269,2,3,2009,16,110555.87,117845.74,65423.93
9,3,3,1,1,31,50022,-0.6837226800990269,2,7,2017,8,110555.87,111679.74,62471.53
10,4,1,0,1,57,142506,0.2276313921323328,2,0,2021,4,110555.87,112919.81,122619.67
0,3,2,1,0,29,98504,-0.6837226800990269,2,7,2018,7,110555.87,111679.74,65423.93
11,3,0,1,0,52,81438,-0.6837226800990269,1,1,2018,7,108518.71,118365.36,80432.44
0,0,3,1,2,58,43803,-0.6837226800990269,2,7,2007,18,110555.87,111679.74,65423.93
10,0,3,0,1,51,135578,0.14478102192948197,2,7,2013,12,110555.87,111679.74,122619.67
6,1,2,1,0,48,107586,-0.6837226800990269,1,11,2003,22,108518.71,103324.24,87506.86
7,3,0,0,0,62,64208,-0.6837226800990269,2,7,1997,28,110555.87,111679.74,88231.08
10,4,0,1,1,42,131422,0.5590328729437363,2,8,2021,4,110555.87,113431.1,122619.67
10,0,1,1,2,42,112146,-0.18662045888192166,2,7,2019,6,110555.87,111679.74,122619.67
5,3,2,0,0,39,66463,-0.6837226800990269,1,4,2017,8,108518.71,104913.33,86000.4
10,4,2,0,0,26,128965,0.061930651726631,2,5,2022,3,110555.87,106790.3,122619.67
15,3,1,0,2,38,68676,-0.6837226800990269,0,12,2013,12,110765.62,111856.37,72277.69
10,2,0,0,0,46,104692,-0.020919718476219845,1,2,2021,4,108518.71,107533.96,122619.67
0,0,3,1,2,54,74656,-0.6837226800990269,2,10,2009,16,110555.87,100804.94,65423.93
0,0,2,0,0,63,44444,-0.6837226800990269,2,7,2011,14,110555.87,111679.74,65423.93
10,0,2,0,2,49,107461,-0.020919718476219845,2,10,2005,20,110555.87,100804.94,122619.67
3,2,1,0,2,58,49293,-0.6837226800990269,2,5,1993,32,110555.87,106790.3,51684.79
2,1,1,1,0,29,118639,-0.6837226800990269,2,8,2017,8,110555.87,113431.1,103745.09
8,4,3,0,2,45,172206,1.7189380557836484,0,12,2011,14,110765.62,111856.37,154442.62
10,0,0,0,2,31,158184,0.5590328729437363,0,9,2015,10,110765.62,111071.12,122619.67
9,3,3,1,0,34,74004,-0.6837226800990269,2,5,2012,13,110555.87,106790.3,62471.53
1,1,0,0,1,59,196740,1.8846387961893505,2,7,2001,24,110555.87,111679.74,219659.46
8,0,2,1,0,33,164340,0.5590328729437363,2,3,2013,12,110555.87,117845.74,154442.62
1,0,3,1,2,50,203306,2.464591387609307,2,10,2009,16,110555.87,100804.94,219659.46
0,3,3,1,2,33,44012,-0.6837226800990269,0,6,2015,10,110765.62,109274.83,65423.93
10,0,2,0,0,44,122441,0.5590328729437363,2,5,2018,7,110555.87,106790.3,122619.67
8,1,0,1,2,40,97938,-0.6837226800990269,2,3,2022,3,110555.87,117845.74,154442.62
10,4,1,0,2,31,109925,-0.10377008867907069,0,6,2015,10,110765.62,109274.83,122619.67
10,2,1,1,0,50,156374,0.5590328729437363,1,1,2019,6,108518.71,118365.36,122619.67
10,3,0,1,0,41,95669,0.14478102192948197,1,11,2018,7,108518.71,103324.24,122619.67
0,0,0,1,0,29,44520,-0.6837226800990269,2,3,2018,7,110555.87,117845.74,65423.93
0,0,1,1,0,55,41102,-0.6837226800990269,2,10,2015,10,110555.87,100804.94,65423.93
15,0,1,0,0,52,57433,-0.6837226800990269,1,11,1998,27,108518.71,103324.24,72277.69
0,2,0,1,0,45,66324,-0.6837226800990269,1,1,2017,8,108518.71,118365.36,65423.93
8,1,2,1,0,33,161800,0.8904343537551399,1,4,2016,9,108518.71,104913.33,154442.62
8,0,2,0,1,37,180544,1.553237315377947,2,3,2011,14,110555.87,117845.74,154442.62
8,1,2,0,0,54,62179,-0.6837226800990269,1,11,2003,22,108518.71,103324.24,154442.62
8,1,1,1,0,59,67947,-0.6837226800990269,1,11,2004,21,108518.71,103324.24,154442.62
16,1,2,1,0,48,72315,-0.6837226800990269,2,0,2016,9,110555.87,112919.81,81257.92
5,3,3,1,0,39,91144,-0.6837226800990269,2,5,2012,13,110555.87,106790.3,86000.4
0,0,0,1,0,58,45703,-0.6837226800990269,2,3,2013,12,110555.87,117845.74,65423.93
10,4,1,1,0,25,105072,-0.18662045888192166,1,2,2021,4,108518.71,107533.96,122619.67
8,2,3,0,0,48,168202,1.1389854643636927,1,2,2009,16,108518.71,107533.96,154442.62
3,2,1,0,0,62,41616,-0.6837226800990269,2,10,2005,20,110555.87,100804.94,51684.79
10,0,0,1,0,45,109221,0.061930651726631,2,0,2010,15,110555.87,112919.81,122619.67
5,3,0,0,0,50,92344,-0.6837226800990269,2,8,2003,22,110555.87,113431.1,86000.4
8,1,2,1,0,34,197849,0.8904343537551399,2,8,2022,3,110555.87,113431.1,154442.62
8,2,0,0,0,50,183308,1.3046862047693941,2,7,2011,14,110555.87,111679.74,154442.62
0,0,0,1,0,32,45424,-0.6837226800990269,2,0,2015,10,110555.87,112919.81,65423.93
8,3,2,1,0,34,174257,1.8017884259864994,2,7,2017,8,110555.87,111679.74,154442.62
0,0,2,0,1,47,50290,-0.6837226800990269,2,5,2009,16,110555.87,106790.3,65423.93
10,3,1,0,0,37,139987,0.3933321325380346,2,10,2021,4,110555.87,100804.94,122619.67
10,4,3,1,0,30,111274,-0.18662045888192166,2,10,2019,6,110555.87,100804.94,122619.67
10,3,3,0,2,39,65957,-0.2694708290847725,0,9,2022,3,110765.62,111071.12,122619.67
7,3,2,1,0,26,86288,-0.6837226800990269,2,5,2021,4,110555.87,106790.3,88231.08
0,4,1,1,0,45,54742,-0.6837226800990269,1,2,2005,20,108518.71,107533.96,65423.93
15,0,3,1,2,51,92305,-0.6837226800990269,2,3,2021,4,110555.87,117845.74,72277.69
10,2,3,0,0,46,125878,0.14478102192948197,2,0,2004,21,110555.87,112919.81,122619.67
12,3,3,1,0,44,92939,-0.6837226800990269,2,0,2021,4,110555.87,112919.81,76039.56
10,4,0,1,0,27,137997,0.31048176233518365,2,8,2021,4,110555.87,113431.1,122619.67
0,0,0,0,0,33,97261,-0.6837226800990269,1,1,2020,5,108518.71,118365.36,65423.93
7,3,0,0,2,39,98062,-0.6837226800990269,2,10,2018,7,110555.87,100804.94,88231.08
10,2,1,1,0,53,97218,-0.6837226800990269,2,0,2012,13,110555.87,112919.81,122619.67
15,0,3,0,0,50,50038,-0.6837226800990269,1,4,2016,9,108518.71,104913.33,72277.69
10,0,1,1,2,33,107202,-0.18662045888192166,2,5,2016,9,110555.87,106790.3,122619.67
8,1,0,1,2,49,186192,1.553237315377947,0,12,2007,18,110765.62,111856.37,154442.62
0,4,0,1,0,32,57727,-0.6837226800990269,1,2,2019,6,108518.71,107533.96,65423.93
1,0,0,1,1,37,199512,2.216040277000754,2,0,2009,16,110555.87,112919.81,219659.46
10,3,0,0,0,54,135642,0.14478102192948197,1,1,1993,32,108518.71,118365.36,122619.67
10,0,2,0,1,27,120586,0.5590328729437363,2,10,2021,4,110555.87,100804.94,122619.67
0,0,1,1,0,50,70340,-0.6837226800990269,2,7,2010,15,110555.87,111679.74,65423.93
0,3,1,0,0,29,60919,-0.6837226800990269,2,5,2020,5,110555.87,106790.3,65423.93
5,1,3,1,2,45,85822,-0.6837226800990269,2,8,2003,22,110555.87,113431.1,86000.4
14,3,1,1,0,34,93760,-0.6837226800990269,2,7,2012,13,110555.87,111679.74,84523.89
0,4,1,0,0,45,74776,-0.6837226800990269,2,10,2018,7,110555.87,100804.94,65423.93
11,3,2,1,1,47,60331,-0.6837226800990269,2,7,2008,17,110555.87,111679.74,80432.44
10,3,2,0,2,57,97083,-0.18662045888192166,2,0,2000,25,110555.87,112919.81,122619.67
15,0,3,0,0,36,73646,-0.6837226800990269,2,0,2012,13,110555.87,112919.81,72277.69
0,0,0,1,0,52,47587,-0.6837226800990269,2,3,2001,24,110555.87,117845.74,65423.93
6,1,1,0,0,59,98794,-0.6837226800990269,2,3,2008,17,110555.87,117845.74,87506.86
1,0,2,0,2,39,187516,2.216040277000754,0,12,2012,13,110765.62,111856.37,219659.46
8,0,0,0,0,64,195416,1.1389854643636927,1,2,2012,13,108518.71,107533.96,154442.62
10,3,2,0,2,47,104253,0.061930651726631,2,10,2022,3,110555.87,100804.94,122619.67
0,0,2,0,0,32,66294,-0.6837226800990269,2,5,2018,7,110555.87,106790.3,65423.93
3,2,0,1,0,53,58010,-0.6837226800990269,2,10,2016,9,110555.87,100804.94,51684.79
8,1,3,1,0,57,78212,-0.6837226800990269,2,7,1999,26,110555.87,111679.74,154442.62
14,3,0,0,2,64,71864,-0.6837226800990269,0,6,2022,3,110765.62,109274.83,84523.89
10,2,0,1,0,46,92247,-0.6837226800990269,2,7,2012,13,110555.87,111679.74,122619.67
10,0,0,0,1,51,148942,0.3933321325380346,2,5,1999,26,110555.87,106790.3,122619.67
10,3,0,0,0,61,87758,0.061930651726631,2,10,2010,15,110555.87,100804.94,122619.67
1,3,3,0,0,55,256592,1.8017884259864994,1,1,2001,24,108518.71,118365.36,219659.46
0,0,3,0,0,39,72850,-0.6837226800990269,2,7,2012,13,110555.87,111679.74,65423.93
9,3,2,1,0,54,58137,-0.6837226800990269,2,5,2021,4,110555.87,106790.3,62471.53
0,2,0,1,0,65,73996,-0.6837226800990269,1,2,2021,4,108518.71,107533.96,65423.93
1,0,3,1,0,35,254287,1.8846387961893505,2,0,2016,9,110555.87,112919.81,219659.46
10,4,0,0,2,39,122713,0.3933321325380346,0,12,2013,12,110765.62,111856.37,122619.67
7,3,3,0,0,55,91179,-0.6837226800990269,2,5,2022,3,110555.87,106790.3,88231.08
2,1,1,0,0,41,95598,-0.6837226800990269,2,5,2011,14,110555.87,106790.3,103745.09
10,0,3,0,0,51,130862,0.31048176233518365,2,10,2003,22,110555.87,100804.94,122619.67
1,0,3,1,2,29,204534,2.464591387609307,2,3,2017,8,110555.87,117845.74,219659.46
15,0,0,0,2,43,86533,-0.6837226800990269,2,5,2017,8,110555.87,106790.3,72277.69
0,0,1,1,2,56,48896,-0.6837226800990269,0,6,2002,23,110765.62,109274.83,65423.93
10,0,3,0,2,29,128066,0.2276313921323328,2,10,2020,5,110555.87,100804.94,122619.67
12,3,0,0,0,49,93306,-0.6837226800990269,1,1,2019,6,108518.71,118365.36,76039.56
10,2,3,0,0,59,108612,-0.18662045888192166,2,8,2017,8,110555.87,113431.1,122619.67
2,1,1,0,0,55,98221,-0.6837226800990269,1,11,2008,17,108518.71,103324.24,103745.09
15,0,3,1,2,44,62184,-0.6837226800990269,0,12,2020,5,110765.62,111856.37,72277.69
1,0,3,1,0,51,206423,2.2988906472036046,1,1,2006,19,108518.71,118365.36,219659.46
0,0,2,1,1,30,96010,-0.6837226800990269,2,3,2022,3,110555.87,117845.74,65423.93
0,0,2,0,0,46,42944,-0.6837226800990269,2,7,2006,19,110555.87,111679.74,65423.93
0,0,3,1,2,26,66865,-0.6837226800990269,0,9,2022,3,110765.62,111071.12,65423.93
10,2,0,1,0,53,73601,-0.6837226800990269,1,2,2017,8,108518.71,107533.96,122619.67
0,0,1,1,2,41,59149,-0.6837226800990269,0,9,2020,5,110765.62,111071.12,65423.93
14,3,3,1,0,50,72860,-0.6837226800990269,1,11,2002,23,108518.71,103324.24,84523.89
1,4,0,0,2,56,181028,2.464591387609307,2,8,2016,9,110555.87,113431.1,219659.46
10,3,2,1,2,54,129311,0.3933321325380346,0,6,1997,28,110765.62,109274.83,122619.67
5,3,1,0,0,40,63889,-0.6837226800990269,2,10,2008,17,110555.87,100804.94,86000.4
10,3,0,0,2,59,96507,0.061930651726631,2,10,1996,29,110555.87,100804.94,122619.67
0,0,1,1,0,47,55401,-0.6837226800990269,2,5,2015,10,110555.87,106790.3,65423.93
0,4,3,1,0,31,79713,-0.6837226800990269,1,1,2015,10,108518.71,118365.36,65423.93
10,4,3,1,0,25,112646,-0.020919718476219845,2,5,2022,3,110555.87,106790.3,122619.67
0,0,2,1,0,43,49627,-0.6837226800990269,1,1,2004,21,108518.71,118365.36,65423.93
1,1,0,1,0,26,211114,1.8017884259864994,2,7,2020,5,110555.87,111679.74,219659.46
5,3,3,0,0,26,67702,-0.6837226800990269,2,10,2020,5,110555.87,100804.94,86000.4
8,0,0,1,0,50,150631,0.7247336133494382,2,8,2019,6,110555.87,113431.1,154442.62
10,0,3,0,2,51,129727,-0.020919718476219845,2,8,2012,13,110555.87,113431.1,122619.67
0,0,1,0,0,46,56409,-0.6837226800990269,2,5,2009,16,110555.87,106790.3,65423.93
10,0,3,0,0,49,126598,0.061930651726631,2,7,2022,3,110555.87,111679.74,122619.67
10,2,1,1,1,45,127363,0.061930651726631,2,5,2018,7,110555.87,106790.3,122619.67
1,0,0,1,0,50,245920,2.2988906472036046,2,5,1996,29,110555.87,106790.3,219659.46
10,2,1,0,0,30,159823,0.2276313921323328,2,10,2019,6,110555.87,100804.94,122619.67
0,0,0,1,0,61,88681,-0.6837226800990269,1,11,1997,28,108518.71,103324.24,65423.93
5,1,0,0,1,40,98594,-0.6837226800990269,2,8,2011,14,110555.87,113431.1,86000.4
0,3,1,1,0,31,46098,-0.6837226800990269,1,11,2018,7,108518.71,103324.24,65423.93
8,0,1,1,0,47,155890,0.7247336133494382,2,5,1999,26,110555.87,106790.3,154442.62
10,3,0,1,0,41,126406,0.14478102192948197,2,3,2012,13,110555.87,117845.74,122619.67
1,0,0,0,2,49,198222,2.133189906797903,0,12,1998,27,110765.62,111856.37,219659.46
6,1,3,0,0,52,79323,-0.6837226800990269,2,3,2017,8,110555.87,117845.74,87506.86
15,0,2,0,0,26,59436,-0.6837226800990269,2,5,2022,3,110555.87,106790.3,72277.69
10,4,0,1,0,36,118912,-0.020919718476219845,2,7,2018,7,110555.87,111679.74,122619.67
10,3,2,0,2,34,126898,0.14478102192948197,0,6,2015,10,110765.62,109274.83,122619.67
15,3,1,0,0,25,86075,-0.6837226800990269,2,7,2022,3,110555.87,111679.74,72277.69
4,3,2,0,2,57,80728,-0.6837226800990269,0,9,2013,12,110765.62,111071.12,74141.06
10,0,2,0,2,30,124295,-0.10377008867907069,0,6,2017,8,110765.62,109274.83,122619.67
6,1,0,0,0,45,86001,-0.6837226800990269,2,0,2011,14,110555.87,112919.81,87506.86
9,3,2,0,0,34,75518,-0.6837226800990269,2,10,2018,7,110555.87,100804.94,62471.53
1,4,2,1,0,61,209680,2.133189906797903,1,11,2014,11,108518.71,103324.24,219659.46
4,3,2,1,0,38,65109,-0.6837226800990269,2,8,2011,14,110555.87,113431.1,74141.06
1,2,3,0,0,41,224989,2.0503395365950525,2,10,2007,18,110555.87,100804.94,219659.46
8,3,2,1,0,45,152519,1.8017884259864994,1,4,2009,16,108518.71,104913.33,154442.62
1,0,3,0,0,31,201235,1.9674891663922014,2,0,2019,6,110555.87,112919.81,219659.46
10,0,3,1,0,38,152253,0.31048176233518365,2,10,2012,13,110555.87,100804.94,122619.67
10,2,3,1,0,29,86226,-0.6837226800990269,2,10,2022,3,110555.87,100804.94,122619.67
1,4,1,1,0,47,214303,2.6302921280150087,2,10,2022,3,110555.87,100804.94,219659.46
0,0,0,0,2,46,44411,-0.6837226800990269,0,6,2002,23,110765.62,109274.83,65423.93
5,1,0,0,0,55,120092,-0.6837226800990269,1,4,1999,26,108518.71,104913.33,86000.4
8,0,2,0,2,61,195636,1.0561350941608418,0,9,2013,12,110765.62,111071.12,154442.62
0,0,1,0,0,46,64882,-0.6837226800990269,2,3,2001,24,110555.87,117845.74,65423.93
0,0,2,0,0,46,42532,-0.6837226800990269,1,4,2006,19,108518.71,104913.33,65423.93
11,3,1,0,2,25,90109,-0.6837226800990269,2,10,2022,3,110555.87,100804.94,80432.44
1,1,3,0,0,45,254486,2.0503395365950525,1,2,2010,15,108518.71,107533.96,219659.46
10,2,2,0,0,39,129087,-0.2694708290847725,2,10,2013,12,110555.87,100804.94,122619.67
9,3,3,0,0,64,43271,-0.6837226800990269,1,2,2022,3,108518.71,107533.96,62471.53
10,0,2,0,0,36,150825,0.14478102192948197,2,5,2017,8,110555.87,106790.3,122619.67
0,3,3,1,0,42,44265,-0.6837226800990269,2,0,2021,4,110555.87,112919.81,65423.93
12,3,3,0,0,49,78164,-0.6837226800990269,2,10,2021,4,110555.87,100804.94,76039.56
4,3,1,1,0,27,71502,-0.6837226800990269,1,4,2020,5,108518.71,104913.33,74141.06
6,1,0,0,2,60,110554,-0.6837226800990269,0,12,1998,27,110765.62,111856.37,87506.86
0,0,2,0,0,59,99760,-0.6837226800990269,1,4,2021,4,108518.71,104913.33,65423.93
16,1,2,0,2,63,86820,-0.6837226800990269,2,3,2002,23,110555.87,117845.74,81257.92
10,3,0,0,0,56,66561,-0.18662045888192166,2,3,2021,4,110555.87,117845.74,122619.67
10,4,0,0,0,37,151363,0.31048176233518365,2,7,2021,4,110555.87,111679.74,122619.67
1,4,0,0,0,32,241722,2.464591387609307,2,3,2015,10,110555.87,117845.74,219659.46
7,3,3,0,2,45,88933,-0.6837226800990269,2,5,2007,18,110555.87,106790.3,88231.08
0,0,3,0,0,26,66563,-0.6837226800990269,1,2,2022,3,108518.71,107533.96,65423.93
12,3,0,0,0,65,83854,-0.6837226800990269,2,10,2002,23,110555.87,100804.94,76039.56
0,0,2,1,0,43,87914,-0.6837226800990269,1,11,2018,7,108518.71,103324.24,65423.93
0,0,1,1,0,59,81829,-0.6837226800990269,1,4,2008,17,108518.71,104913.33,65423.93
6,1,3,0,2,30,76904,-0.6837226800990269,0,9,2020,5,110765.62,111071.12,87506.86
0,0,1,0,2,55,82550,-0.6837226800990269,2,3,1998,27,110555.87,117845.74,65423.93
0,0,2,0,0,37,72005,-0.6837226800990269,2,0,2018,7,110555.87,112919.81,65423.93
0,0,3,0,0,35,55833,-0.6837226800990269,1,2,2020,5,108518.71,107533.96,65423.93
9,3,2,1,2,36,45184,-0.6837226800990269,0,12,2016,9,110765.62,111856.37,62471.53
5,3,0,1,0,28,70996,-0.6837226800990269,2,0,2021,4,110555.87,112919.81,86000.4
9,3,0,1,0,46,55643,-0.6837226800990269,2,5,2021,4,110555.87,106790.3,62471.53
8,1,2,0,0,31,150653,1.3046862047693941,2,0,2018,7,110555.87,112919.81,154442.62
8,2,3,0,1,33,175875,1.0561350941608418,2,5,2015,10,110555.87,106790.3,154442.62
0,3,3,1,0,63,99215,-0.6837226800990269,2,10,2000,25,110555.87,100804.94,65423.93
14,3,0,1,0,56,91835,-0.6837226800990269,2,10,2018,7,110555.87,100804.94,84523.89
1,3,2,1,0,56,184780,2.464591387609307,2,0,2011,14,110555.87,112919.81,219659.46
16,1,2,0,0,46,99586,-0.6837226800990269,2,7,2019,6,110555.87,111679.74,81257.92
1,2,2,1,2,28,239270,2.464591387609307,0,6,2020,5,110765.62,109274.83,219659.46
0,0,2,0,0,32,79773,-0.6837226800990269,1,1,2015,10,108518.71,118365.36,65423.93
5,1,0,1,2,36,116168,-0.6837226800990269,2,0,2012,13,110555.87,112919.81,86000.4
0,0,2,0,2,58,98296,-0.6837226800990269,0,6,2014,11,110765.62,109274.83,65423.93
10,0,0,0,2,28,132209,0.4761825027408856,0,9,2019,6,110765.62,111071.12,122619.67
8,1,3,1,0,38,119960,0.5590328729437363,2,5,2008,17,110555.87,106790.3,154442.62
1,2,1,0,2,45,233342,2.3817410174064557,2,0,2004,21,110555.87,112919.81,219659.46
10,0,1,0,1,42,110720,0.061930651726631,2,7,2012,13,110555.87,111679.74,122619.67
10,3,0,1,0,51,140668,0.31048176233518365,1,2,2006,19,108518.71,107533.96,122619.67
0,4,3,0,2,46,92833,-0.6837226800990269,0,9,2010,15,110765.62,111071.12,65423.93
15,3,0,0,0,31,96195,-0.6837226800990269,2,8,2018,7,110555.87,113431.1,72277.69
3,2,3,0,1,34,57483,-0.6837226800990269,2,10,2022,3,110555.87,100804.94,51684.79
8,0,3,0,2,38,194864,1.3046862047693941,2,0,2016,9,110555.87,112919.81,154442.62
4,3,0,0,0,56,75435,-0.6837226800990269,2,0,1993,32,110555.87,112919.81,74141.06
10,0,2,0,0,55,132894,0.5590328729437363,2,3,1999,26,110555.87,117845.74,122619.67
8,4,1,1,1,32,156418,1.2218358345665437,2,5,2018,7,110555.87,106790.3,154442.62
1,2,3,0,0,44,242004,2.464591387609307,1,4,2006,19,108518.71,104913.33,219659.46
0,0,3,0,0,63,71418,-0.6837226800990269,2,8,2014,11,110555.87,113431.1,65423.93
8,4,3,0,0,29,151492,1.0561350941608418,2,5,2021,4,110555.87,106790.3,154442.62
0,4,3,0,2,45,88016,-0.6837226800990269,0,9,2013,12,110765.62,111071.12,65423.93
10,0,0,1,0,36,156085,0.31048176233518365,2,7,2021,4,110555.87,111679.74,122619.67
3,2,1,1,0,40,49342,-0.6837226800990269,2,10,2014,11,110555.87,100804.94,51684.79
11,3,1,1,1,57,77028,-0.6837226800990269,2,10,2022,3,110555.87,100804.94,80432.44
0,4,3,0,1,26,64278,-0.6837226800990269,2,5,2020,5,110555.87,106790.3,65423.93
8,1,0,0,0,56,197579,0.807583983552289,2,3,2022,3,110555.87,117845.74,154442.62
0,0,0,0,0,30,60261,-0.6837226800990269,2,10,2016,9,110555.87,100804.94,65423.93
8,0,3,0,0,50,159285,0.5590328729437363,2,0,1997,28,110555.87,112919.81,154442.62
16,1,1,1,0,55,99035,-0.6837226800990269,2,7,1998,27,110555.87,111679.74,81257.92
8,3,3,0,0,59,198745,1.387536574972245,2,8,2005,20,110555.87,113431.1,154442.62
10,2,3,1,2,61,157672,0.2276313921323328,2,7,1993,32,110555.87,111679.74,122619.67
8,3,2,1,2,44,171823,1.553237315377947,2,5,2014,11,110555.87,106790.3,154442.62
16,1,0,0,0,37,83465,-0.6837226800990269,1,1,2020,5,108518.71,118365.36,81257.92
8,0,3,0,2,36,156029,0.5590328729437363,2,5,2013,12,110555.87,106790.3,154442.62
8,2,0,0,0,26,193971,1.1389854643636927,2,3,2022,3,110555.87,117845.74,154442.62
4,3,3,1,0,43,76819,-0.6837226800990269,2,8,2008,17,110555.87,113431.1,74141.06
14,3,0,0,0,50,91004,-0.6837226800990269,1,11,2022,3,108518.71,103324.24,84523.89
1,2,0,0,2,44,246538,2.216040277000754,2,7,2004,21,110555.87,111679.74,219659.46
0,3,3,1,0,29,95729,-0.6837226800990269,2,10,2017,8,110555.87,100804.94,65423.93
0,4,2,0,0,33,53948,-0.6837226800990269,2,8,2017,8,110555.87,113431.1,65423.93
8,0,2,0,2,52,191455,1.3046862047693941,0,12,1996,29,110765.62,111856.37,154442.62
10,0,0,0,0,32,126464,0.5590328729437363,2,7,2022,3,110555.87,111679.74,122619.67
6,1,0,1,0,27,82286,-0.6837226800990269,2,3,2021,4,110555.87,117845.74,87506.86
14,3,2,0,0,58,91132,-0.6837226800990269,1,1,2014,11,108518.71,118365.36,84523.89
15,3,2,1,0,37,65073,-0.6837226800990269,1,11,2015,10,108518.71,103324.24,72277.69
8,3,2,1,0,25,154186,1.4703869451750962,2,0,2022,3,110555.87,112919.81,154442.62
0,3,1,0,2,51,48772,-0.6837226800990269,0,9,2007,18,110765.62,111071.12,65423.93
10,0,3,1,2,33,134782,0.5590328729437363,0,6,2013,12,110765.62,109274.83,122619.67
10,0,3,0,0,46,108003,-0.2694708290847725,1,2,2006,19,108518.71,107533.96,122619.67
10,0,0,1,2,42,101630,-0.020919718476219845,0,12,2005,20,110765.62,111856.37,122619.67
8,2,0,0,0,45,163686,1.387536574972245,1,2,2008,17,108518.71,107533.96,154442.62
0,0,1,0,0,35,75602,-0.6837226800990269,2,7,2021,4,110555.87,111679.74,65423.93
0,0,1,0,0,31,53638,-0.6837226800990269,2,3,2021,4,110555.87,117845.74,65423.93
0,0,1,1,0,45,70661,-0.6837226800990269,1,4,2012,13,108518.71,104913.33,65423.93
5,1,3,0,2,42,104916,-0.6837226800990269,0,6,2006,19,110765.62,109274.83,86000.4
1,3,0,0,0,64,253330,2.5474417578121575,2,0,2017,8,110555.87,112919.81,219659.46
10,0,3,1,0,43,127175,0.31048176233518365,2,10,2003,22,110555.87,100804.94,122619.67
9,3,2,1,0,52,73779,-0.6837226800990269,2,3,1994,31,110555.87,117845.74,62471.53
1,0,1,0,0,41,238155,2.464591387609307,1,11,2018,7,108518.71,103324.24,219659.46
0,0,3,0,2,49,42242,-0.6837226800990269,0,12,2020,5,110765.62,111856.37,65423.93
10,4,0,0,0,45,143318,0.31048176233518365,1,2,2016,9,108518.71,107533.96,122619.67
6,1,0,1,0,31,101941,-0.6837226800990269,1,1,2015,10,108518.71,118365.36,87506.86
5,3,2,1,0,54,70519,-0.6837226800990269,2,5,2007,18,110555.87,106790.3,86000.4
10,0,0,0,0,56,122731,0.3933321325380346,2,10,1995,30,110555.87,100804.94,122619.67
0,0,3,0,2,45,45323,-0.6837226800990269,0,9,2004,21,110765.62,111071.12,65423.93
15,3,2,0,2,52,91518,-0.6837226800990269,0,12,2011,14,110765.62,111856.37,72277.69
12,3,0,0,0,25,82140,-0.6837226800990269,2,7,2021,4,110555.87,111679.74,76039.56
0,0,1,0,0,36,65794,-0.6837226800990269,2,0,2011,14,110555.87,112919.81,65423.93
1,4,0,1,0,25,257296,2.216040277000754,2,0,2022,3,110555.87,112919.81,219659.46
10,3,3,0,0,29,126550,0.5590328729437363,2,7,2018,7,110555.87,111679.74,122619.67
10,0,3,1,2,33,122408,0.2276313921323328,0,9,2013,12,110765.62,111071.12,122619.67
1,0,2,0,0,56,226952,2.5474417578121575,2,7,2008,17,110555.87,111679.74,219659.46
1,0,2,0,0,43,240860,2.3817410174064557,2,3,2004,21,110555.87,117845.74,219659.46
15,0,3,0,2,44,54295,-0.6837226800990269,2,5,2020,5,110555.87,106790.3,72277.69
0,0,1,1,2,43,96759,-0.6837226800990269,0,6,2018,7,110765.62,109274.83,65423.93
8,2,2,0,2,60,199705,1.4703869451750962,0,9,1993,32,110765.62,111071.12,154442.62
14,3,1,1,2,60,82343,-0.6837226800990269,2,0,2006,19,110555.87,112919.81,84523.89
9,3,3,0,0,46,41197,-0.6837226800990269,1,1,2021,4,108518.71,118365.36,62471.53
15,0,3,1,0,52,59845,-0.6837226800990269,1,1,2006,19,108518.71,118365.36,72277.69
0,0,0,1,0,33,55397,-0.6837226800990269,1,11,2021,4,108518.71,103324.24,65423.93
1,4,2,0,0,46,237489,1.8017884259864994,2,3,2018,7,110555.87,117845.74,219659.46
0,4,0,1,1,47,99382,-0.6837226800990269,2,3,2022,3,110555.87,117845.74,65423.93
14,3,1,0,2,59,71580,-0.6837226800990269,2,10,2007,18,110555.87,100804.94,84523.89
13,1,2,1,1,44,71345,-0.6837226800990269,2,7,2019,6,110555.87,111679.74,78486.88
10,3,0,1,2,53,90554,-0.10377008867907069,0,9,2018,7,110765.62,111071.12,122619.67
10,0,3,0,2,27,107114,0.14478102192948197,0,9,2021,4,110765.62,111071.12,122619.67
10,3,2,0,0,55,106302,-0.020919718476219845,2,0,2007,18,110555.87,112919.81,122619.67
1,3,2,0,0,42,240940,2.133189906797903,2,8,2011,14,110555.87,113431.1,219659.46
14,3,1,0,0,61,96404,-0.6837226800990269,1,2,2010,15,108518.71,107533.96,84523.89
4,3,3,1,0,27,70181,-0.6837226800990269,2,8,2021,4,110555.87,113431.1,74141.06
12,3,2,0,0,63,78788,-0.6837226800990269,2,10,2010,15,110555.87,100804.94,76039.56
1,0,2,0,0,45,200481,1.8017884259864994,2,5,2002,23,110555.87,106790.3,219659.46
3,2,1,0,0,50,45290,-0.6837226800990269,1,4,2020,5,108518.71,104913.33,51684.79
6,1,2,0,0,31,69108,-0.6837226800990269,2,7,2020,5,110555.87,111679.74,87506.86
10,3,1,1,0,53,123480,-0.020919718476219845,1,1,2011,14,108518.71,118365.36,122619.67
15,0,1,1,0,59,83365,-0.6837226800990269,1,4,2014,11,108518.71,104913.33,72277.69
1,1,1,0,0,53,228494,2.0503395365950525,2,0,2007,18,110555.87,112919.81,219659.46
3,2,1,0,2,50,56002,-0.6837226800990269,2,0,2008,17,110555.87,112919.81,51684.79
10,3,3,1,0,40,142844,0.2276313921323328,2,7,2012,13,110555.87,111679.74,122619.67
0,3,2,0,0,58,41946,-0.6837226800990269,2,8,2003,22,110555.87,113431.1,65423.93
8,3,3,1,1,43,154284,1.387536574972245,2,3,2003,22,110555.87,117845.74,154442.62
7,3,1,1,2,49,81622,-0.6837226800990269,2,3,2020,5,110555.87,117845.74,88231.08
8,0,3,1,0,59,186854,1.8017884259864994,2,8,2008,17,110555.87,113431.1,154442.62
0,0,0,1,2,57,74597,-0.6837226800990269,2,0,2010,15,110555.87,112919.81,65423.93
0,0,2,0,0,54,78020,-0.6837226800990269,2,5,2018,7,110555.87,106790.3,65423.93
0,4,2,0,0,40,56963,-0.6837226800990269,2,3,2016,9,110555.87,117845.74,65423.93
6,1,2,1,0,55,70451,-0.6837226800990269,2,10,2007,18,110555.87,100804.94,87506.86
10,4,1,0,0,50,118900,-0.2694708290847725,2,10,2004,21,110555.87,100804.94,122619.67
0,0,2,1,0,35,52232,-0.6837226800990269,2,5,2021,4,110555.87,106790.3,65423.93
1,0,2,0,0,28,219180,2.0503395365950525,1,4,2021,4,108518.71,104913.33,219659.46
10,3,0,0,0,45,92317,-0.18662045888192166,2,0,2021,4,110555.87,112919.81,122619.67
0,0,2,0,0,46,63987,-0.6837226800990269,2,10,2014,11,110555.87,100804.94,65423.93
1,0,0,1,0,27,205216,2.2988906472036046,2,3,2021,4,110555.87,117845.74,219659.46
1,0,0,0,0,39,218052,2.5474417578121575,1,2,2017,8,108518.71,107533.96,219659.46
9,3,1,1,2,27,42969,-0.6837226800990269,2,8,2020,5,110555.87,113431.1,62471.53
10,4,0,1,0,39,129949,0.061930651726631,1,1,2015,10,108518.71,118365.36,122619.67
0,0,1,1,2,41,84627,-0.6837226800990269,0,6,2011,14,110765.62,109274.83,65423.93
1,1,0,0,0,60,186400,2.6302921280150087,2,3,2021,4,110555.87,117845.74,219659.46
10,4,2,1,2,31,125664,-0.2694708290847725,0,6,2022,3,110765.62,109274.83,122619.67
10,2,0,0,0,44,137426,0.4761825027408856,1,4,2022,3,108518.71,104913.33,122619.67
2,1,0,1,0,55,79620,-0.6837226800990269,2,3,2015,10,110555.87,117845.74,103745.09
1,2,2,1,0,40,227816,2.0503395365950525,2,3,2015,10,110555.87,117845.74,219659.46
6,1,0,1,2,58,77441,-0.6837226800990269,2,10,2006,19,110555.87,100804.94,87506.86
9,3,2,1,1,30,79975,-0.6837226800990269,2,3,2017,8,110555.87,117845.74,62471.53
15,3,2,1,1,58,80720,-0.6837226800990269,2,5,2010,15,110555.87,106790.3,72277.69
1,0,1,1,0,45,239980,1.8846387961893505,2,0,2014,11,110555.87,112919.81,219659.46
3,2,2,0,2,53,55206,-0.6837226800990269,2,7,2019,6,110555.87,111679.74,51684.79
12,3,2,1,0,44,73386,-0.6837226800990269,1,4,2004,21,108518.71,104913.33,76039.56
10,4,0,1,0,45,104162,0.061930651726631,2,0,2012,13,110555.87,112919.81,122619.67
9,3,0,1,1,40,65075,-0.6837226800990269,2,8,2022,3,110555.87,113431.1,62471.53
9,3,3,1,2,40,43645,-0.6837226800990269,2,0,2006,19,110555.87,112919.81,62471.53
0,3,3,0,2,55,95400,-0.6837226800990269,0,6,2018,7,110765.62,109274.83,65423.93
10,0,2,0,0,48,119220,0.061930651726631,2,5,1998,27,110555.87,106790.3,122619.67
0,2,2,1,2,47,72384,-0.6837226800990269,0,9,2008,17,110765.62,111071.12,65423.93
0,4,3,0,0,50,48733,-0.6837226800990269,2,10,2000,25,110555.87,100804.94,65423.93
10,0,1,0,0,55,117421,-0.2694708290847725,2,0,2012,13,110555.87,112919.81,122619.67
14,3,1,1,2,51,87897,-0.6837226800990269,2,8,2018,7,110555.87,113431.1,84523.89
10,2,1,0,0,51,147436,0.2276313921323328,2,0,2006,19,110555.87,112919.81,122619.67
1,0,1,1,0,56,192374,1.8017884259864994,2,3,2016,9,110555.87,117845.74,219659.46
10,0,1,0,2,63,126064,-0.2694708290847725,2,7,2017,8,110555.87,111679.74,122619.67
13,1,3,1,2,60,86761,-0.6837226800990269,0,9,2008,17,110765.62,111071.12,78486.88
10,0,0,1,0,39,100718,-0.2694708290847725,2,0,2009,16,110555.87,112919.81,122619.67
7,3,1,1,2,56,94724,-0.6837226800990269,2,3,2005,20,110555.87,117845.74,88231.08
8,0,2,0,2,45,193154,0.807583983552289,0,12,2002,23,110765.62,111856.37,154442.62
5,1,1,1,0,60,81699,-0.6837226800990269,1,1,1996,29,108518.71,118365.36,86000.4
2,1,3,1,0,51,88288,-0.6837226800990269,1,4,2004,21,108518.71,104913.33,103745.09
14,3,3,1,0,56,82758,-0.6837226800990269,2,10,2003,22,110555.87,100804.94,84523.89
8,4,3,1,0,58,151341,1.1389854643636927,2,10,2020,5,110555.87,100804.94,154442.62
1,0,2,0,0,31,191755,2.6302921280150087,2,7,2022,3,110555.87,111679.74,219659.46
0,0,1,1,0,36,80757,-0.6837226800990269,1,4,2020,5,108518.71,104913.33,65423.93
8,4,0,0,0,41,192266,1.2218358345665437,1,2,2021,4,108518.71,107533.96,154442.62
0,4,0,0,2,35,46569,-0.6837226800990269,2,0,2012,13,110555.87,112919.81,65423.93
0,4,3,1,2,41,55330,-0.6837226800990269,2,0,2018,7,110555.87,112919.81,65423.93
4,3,2,0,0,55,66660,-0.6837226800990269,2,8,2011,14,110555.87,113431.1,74141.06
0,2,2,0,0,37,61680,-0.6837226800990269,1,1,2010,15,108518.71,118365.36,65423.93
15,0,0,1,2,30,72463,-0.6837226800990269,0,6,2018,7,110765.62,109274.83,72277.69
0,0,1,1,0,43,72482,-0.6837226800990269,2,3,2021,4,110555.87,117845.74,65423.93
8,1,0,0,0,52,182938,1.2218358345665437,1,2,2016,9,108518.71,107533.96,154442.62
15,0,2,1,0,35,58733,-0.6837226800990269,2,7,2016,9,110555.87,111679.74,72277.69
9,3,2,1,0,44,56680,-0.6837226800990269,2,3,2010,15,110555.87,117845.74,62471.53
6,1,1,1,2,43,91537,-0.6837226800990269,2,3,2018,7,110555.87,117845.74,87506.86
0,0,2,0,1,29,98992,-0.6837226800990269,2,7,2020,5,110555.87,111679.74,65423.93
9,3,3,0,0,27,77607,-0.6837226800990269,2,7,2022,3,110555.87,111679.74,62471.53
14,3,1,0,0,36,79876,-0.6837226800990269,2,10,2013,12,110555.87,100804.94,84523.89
6,1,1,1,2,34,104586,-0.6837226800990269,0,12,2021,4,110765.62,111856.37,87506.86
14,3,3,0,0,45,92820,-0.6837226800990269,1,4,2015,10,108518.71,104913.33,84523.89
0,0,3,0,0,61,54811,-0.6837226800990269,1,4,2019,6,108518.71,104913.33,65423.93
10,3,1,0,0,63,76659,-0.2694708290847725,2,8,2002,23,110555.87,113431.1,122619.67
10,2,2,1,2,47,134612,0.31048176233518365,2,0,2000,25,110555.87,112919.81,122619.67
5,3,2,0,0,52,75402,-0.6837226800990269,2,8,1998,27,110555.87,113431.1,86000.4
10,4,2,0,0,45,138355,0.4761825027408856,2,5,2013,12,110555.87,106790.3,122619.67
1,4,2,1,0,31,234203,2.2988906472036046,2,10,2021,4,110555.87,100804.94,219659.46
0,0,3,1,0,30,66892,-0.6837226800990269,2,10,2022,3,110555.87,100804.94,65423.93
15,0,2,0,0,31,89573,-0.6837226800990269,2,7,2018,7,110555.87,111679.74,72277.69
5,1,0,1,0,50,87727,-0.6837226800990269,2,7,2012,13,110555.87,111679.74,86000.4
11,3,3,0,2,48,71632,-0.6837226800990269,0,9,2012,13,110765.62,111071.12,80432.44
10,0,3,1,0,65,155716,0.31048176233518365,2,10,2009,16,110555.87,100804.94,122619.67
10,4,0,0,1,41,153370,0.14478102192948197,2,3,2017,8,110555.87,117845.74,122619.67
8,0,1,1,0,47,169487,1.2218358345665437,2,5,2019,6,110555.87,106790.3,154442.62
1,2,3,0,0,53,258722,2.2988906472036046,2,8,2009,16,110555.87,113431.1,219659.46
10,3,0,1,0,47,88839,-0.2694708290847725,2,8,2002,23,110555.87,113431.1,122619.67
9,3,0,0,2,37,59376,-0.6837226800990269,2,7,2016,9,110555.87,111679.74,62471.53
1,0,1,0,0,35,218127,2.3817410174064557,2,3,2020,5,110555.87,117845.74,219659.46
1,1,3,0,2,43,185211,2.5474417578121575,0,12,2011,14,110765.62,111856.37,219659.46
10,4,3,0,0,26,112264,-0.2694708290847725,2,3,2020,5,110555.87,117845.74,122619.67
8,1,2,0,2,53,123203,0.14478102192948197,2,0,2009,16,110555.87,112919.81,154442.62
0,0,0,0,0,58,55174,-0.6837226800990269,2,0,2013,12,110555.87,112919.81,65423.93
0,0,1,0,0,65,59344,-0.6837226800990269,2,5,2020,5,110555.87,106790.3,65423.93
10,0,2,1,1,28,142797,0.14478102192948197,2,10,2022,3,110555.87,100804.94,122619.67
0,0,1,1,2,65,63346,-0.6837226800990269,0,9,1998,27,110765.62,111071.12,65423.93
8,0,0,1,0,28,198662,1.387536574972245,1,1,2022,3,108518.71,118365.36,154442.62
8,0,0,0,2,54,195662,0.5590328729437363,2,5,1995,30,110555.87,106790.3,154442.62
1,3,1,0,0,26,193435,1.8846387961893505,2,3,2021,4,110555.87,117845.74,219659.46
14,3,1,0,0,48,75624,-0.6837226800990269,1,2,2021,4,108518.71,107533.96,84523.89
1,2,3,0,0,51,199736,2.216040277000754,2,0,2000,25,110555.87,112919.81,219659.46
0,0,2,0,0,57,50260,-0.6837226800990269,1,2,2018,7,108518.71,107533.96,65423.93
0,3,0,1,1,47,46202,-0.6837226800990269,2,8,2005,20,110555.87,113431.1,65423.93
0,4,3,1,0,26,70946,-0.6837226800990269,1,11,2022,3,108518.71,103324.24,65423.93
11,3,3,1,2,57,93872,-0.6837226800990269,0,12,2022,3,110765.62,111856.37,80432.44
10,4,1,0,0,48,100652,-0.10377008867907069,2,7,2013,12,110555.87,111679.74,122619.67
0,3,1,1,0,38,70588,-0.6837226800990269,2,7,2015,10,110555.87,111679.74,65423.93
12,3,0,0,0,48,62672,-0.6837226800990269,2,3,2000,25,110555.87,117845.74,76039.56
8,3,1,1,2,29,197731,0.5590328729437363,2,10,2022,3,110555.87,100804.94,154442.62
10,4,0,0,0,28,106043,0.14478102192948197,2,5,2020,5,110555.87,106790.3,122619.67
8,1,1,1,0,32,96951,0.3933321325380346,1,2,2019,6,108518.71,107533.96,154442.62
11,3,3,1,2,53,75226,-0.6837226800990269,0,9,1994,31,110765.62,111071.12,80432.44
0,4,1,1,2,31,64234,-0.6837226800990269,2,10,2020,5,110555.87,100804.94,65423.93
14,3,3,0,2,63,75396,-0.6837226800990269,0,9,2008,17,110765.62,111071.12,84523.89
10,0,2,1,1,32,101564,-0.18662045888192166,2,0,2018,7,110555.87,112919.81,122619.67
0,0,0,1,0,62,69674,-0.6837226800990269,1,2,1999,26,108518.71,107533.96,65423.93
12,3,3,0,0,28,75172,-0.6837226800990269,1,11,2020,5,108518.71,103324.24,76039.56
8,0,3,0,0,43,161376,1.3046862047693941,1,1,2006,19,108518.71,118365.36,154442.62
1,0,0,0,0,38,256509,2.5474417578121575,1,11,2014,11,108518.71,103324.24,219659.46
0,4,2,1,0,48,83332,-0.6837226800990269,2,0,2018,7,110555.87,112919.81,65423.93
13,1,2,1,2,42,66226,-0.6837226800990269,0,12,2017,8,110765.62,111856.37,78486.88
1,0,0,0,0,63,193531,2.6302921280150087,1,11,2004,21,108518.71,103324.24,219659.46
0,0,1,0,0,61,53931,-0.6837226800990269,1,11,2017,8,108518.71,103324.24,65423.93
1,2,0,0,2,48,225725,2.3817410174064557,2,8,2013,12,110555.87,113431.1,219659.46
11,3,3,0,0,63,96136,-0.6837226800990269,1,11,2020,5,108518.71,103324.24,80432.44
8,1,1,0,0,40,74329,-0.6837226800990269,2,3,2018,7,110555.87,117845.74,154442.62
1,4,1,0,0,48,256084,2.133189906797903,2,5,1999,26,110555.87,106790.3,219659.46
1,0,2,0,0,59,255610,2.2988906472036046,2,8,2001,24,110555.87,113431.1,219659.46
4,3,1,1,2,52,63444,-0.6837226800990269,2,7,2008,17,110555.87,111679.74,74141.06
6,1,3,0,0,49,123738,-0.6837226800990269,2,8,2021,4,110555.87,113431.1,87506.86
3,2,3,1,0,50,54931,-0.6837226800990269,2,0,2022,3,110555.87,112919.81,51684.79
10,4,2,0,0,32,155884,0.3933321325380346,2,7,2016,9,110555.87,111679.74,122619.67
0,4,2,0,0,27,45989,-0.6837226800990269,2,3,2020,5,110555.87,117845.74,65423.93
0,0,2,1,1,38,52200,-0.6837226800990269,2,8,2017,8,110555.87,113431.1,65423.93
8,1,1,1,0,62,80132,0.4761825027408856,1,4,2003,22,108518.71,104913.33,154442.62
14,3,1,0,0,38,97630,-0.6837226800990269,2,10,2011,14,110555.87,100804.94,84523.89
0,0,3,1,0,29,72620,-0.6837226800990269,1,4,2019,6,108518.71,104913.33,65423.93
0,0,3,1,0,64,43785,-0.6837226800990269,1,4,2016,9,108518.71,104913.33,65423.93
11,3,3,0,0,28,83965,-0.6837226800990269,1,2,2021,4,108518.71,107533.96,80432.44
8,2,3,0,0,28,161868,1.0561350941608418,2,0,2020,5,110555.87,112919.81,154442.62
10,2,0,0,2,29,130790,0.14478102192948197,0,9,2018,7,110765.62,111071.12,122619.67
8,2,3,1,0,32,186869,0.6418832431465873,2,7,2019,6,110555.87,111679.74,154442.62
1,4,2,0,2,34,208883,2.464591387609307,2,7,2017,8,110555.87,111679.74,219659.46
12,3,1,0,0,54,60513,-0.6837226800990269,2,0,2011,14,110555.87,112919.81,76039.56
8,1,1,0,0,31,72475,-0.6837226800990269,2,8,2022,3,110555.87,113431.1,154442.62
9,3,3,1,0,33,54700,-0.6837226800990269,2,7,2016,9,110555.87,111679.74,62471.53
16,1,0,0,0,37,69125,-0.6837226800990269,2,0,2013,12,110555.87,112919.81,81257.92
0,3,0,0,0,56,79388,-0.6837226800990269,1,1,2021,4,108518.71,118365.36,65423.93
15,0,1,1,2,30,58290,-0.6837226800990269,2,3,2018,7,110555.87,117845.74,72277.69
10,0,1,0,1,33,135215,0.31048176233518365,2,7,2014,11,110555.87,111679.74,122619.67
11,3,0,1,0,30,89164,-0.6837226800990269,2,8,2022,3,110555.87,113431.1,80432.44
16,1,2,0,0,60,72806,-0.6837226800990269,1,4,1997,28,108518.71,104913.33,81257.92
0,3,1,1,1,61,41220,-0.6837226800990269,2,3,2011,14,110555.87,117845.74,65423.93
1,2,0,0,2,26,187792,2.6302921280150087,2,3,2020,5,110555.87,117845.74,219659.46
13,1,0,1,2,62,78251,-0.6837226800990269,0,12,1995,30,110765.62,111856.37,78486.88
10,3,1,0,0,65,125213,-0.10377008867907069,2,10,1994,31,110555.87,100804.94,122619.67
1,2,2,1,2,55,227148,2.0503395365950525,0,12,1999,26,110765.62,111856.37,219659.46
15,0,3,1,0,41,90881,-0.6837226800990269,1,11,2009,16,108518.71,103324.24,72277.69
1,0,3,1,0,43,180385,2.0503395365950525,2,5,2016,9,110555.87,106790.3,219659.46
10,4,0,0,0,46,103147,-0.18662045888192166,2,7,2017,8,110555.87,111679.74,122619.67
6,1,3,0,2,58,96256,-0.6837226800990269,2,3,2007,18,110555.87,117845.74,87506.86
4,3,3,1,0,38,70612,-0.6837226800990269,1,4,2021,4,108518.71,104913.33,74141.06
10,0,3,0,2,42,128714,-0.10377008867907069,0,12,2010,15,110765.62,111856.37,122619.67
2,1,2,1,0,46,114260,-0.6837226800990269,1,2,2000,25,108518.71,107533.96,103745.09
10,4,3,0,2,30,103646,-0.10377008867907069,2,8,2017,8,110555.87,113431.1,122619.67
1,0,2,0,0,51,195171,2.0503395365950525,2,10,2009,16,110555.87,100804.94,219659.46
14,3,2,1,0,64,87521,-0.6837226800990269,2,10,2018,7,110555.87,100804.94,84523.89
0,3,2,0,0,59,46151,-0.6837226800990269,2,8,2008,17,110555.87,113431.1,65423.93
10,0,1,0,0,30,121234,-0.2694708290847725,2,0,2018,7,110555.87,112919.81,122619.67
8,0,3,1,2,38,182055,1.553237315377947,0,9,2009,16,110765.62,111071.12,154442.62
4,3,1,1,0,27,74587,-0.6837226800990269,2,0,2022,3,110555.87,112919.81,74141.06
8,1,0,1,0,32,111035,0.31048176233518365,2,3,2019,6,110555.87,117845.74,154442.62
3,2,0,1,0,29,53090,-0.6837226800990269,2,7,2017,8,110555.87,111679.74,51684.79
8,1,1,0,0,27,92806,-0.6837226800990269,1,2,2022,3,108518.71,107533.96,154442.62
3,2,2,0,0,61,42829,-0.6837226800990269,2,5,1996,29,110555.87,106790.3,51684.79
10,0,3,1,0,34,116676,0.14478102192948197,1,2,2013,12,108518.71,107533.96,122619.67
14,3,2,0,0,52,98060,-0.6837226800990269,2,7,2018,7,110555.87,111679.74,84523.89
0,3,0,0,0,32,97509,-0.6837226800990269,1,11,2018,7,108518.71,103324.24,65423.93
9,3,1,1,2,32,79670,-0.6837226800990269,2,5,2021,4,110555.87,106790.3,62471.53
1,0,3,1,2,54,257489,2.133189906797903,0,9,1994,31,110765.62,111071.12,219659.46
1,0,1,1,0,41,210085,2.5474417578121575,2,3,2011,14,110555.87,117845.74,219659.46
8,2,1,1,0,59,175137,1.4703869451750962,2,3,2022,3,110555.87,117845.74,154442.62
8,2,3,0,2,45,191304,0.7247336133494382,2,8,2008,17,110555.87,113431.1,154442.62
1,1,0,0,0,65,203030,1.8846387961893505,2,3,2001,24,110555.87,117845.74,219659.46
10,0,3,1,0,64,100951,-0.2694708290847725,2,7,2003,22,110555.87,111679.74,122619.67
16,1,2,0,0,32,61243,-0.6837226800990269,2,7,2019,6,110555.87,111679.74,81257.92
8,0,0,1,2,40,176533,1.387536574972245,2,0,2021,4,110555.87,112919.81,154442.62
1,0,1,1,0,47,246680,2.5474417578121575,1,1,2013,12,108518.71,118365.36,219659.46
10,0,0,1,0,49,158028,0.31048176233518365,1,2,1999,26,108518.71,107533.96,122619.67
8,2,3,1,2,53,179983,0.6418832431465873,2,8,2001,24,110555.87,113431.1,154442.62
6,1,1,1,0,61,98565,-0.6837226800990269,2,8,2015,10,110555.87,113431.1,87506.86
8,0,0,1,0,37,173630,1.3046862047693941,1,4,2019,6,108518.71,104913.33,154442.62
9,3,3,0,1,54,80129,-0.6837226800990269,2,7,2013,12,110555.87,111679.74,62471.53
6,1,2,1,2,27,81713,-0.6837226800990269,0,9,2022,3,110765.62,111071.12,87506.86
4,3,2,1,2,30,80389,-0.6837226800990269,0,6,2017,8,110765.62,109274.83,74141.06
0,0,0,0,2,36,48117,-0.6837226800990269,0,12,2013,12,110765.62,111856.37,65423.93
0,0,2,0,0,58,58208,-0.6837226800990269,1,2,1996,29,108518.71,107533.96,65423.93
0,0,1,1,2,55,66172,-0.6837226800990269,0,6,2012,13,110765.62,109274.83,65423.93
10,0,2,1,2,28,141675,0.31048176233518365,0,9,2019,6,110765.62,111071.12,122619.67
10,0,2,0,2,60,126929,0.31048176233518365,0,12,1993,32,110765.62,111856.37,122619.67
10,0,2,0,0,50,123096,0.14478102192948197,1,11,2008,17,108518.71,103324.24,122619.67
9,3,2,1,0,41,57166,-0.6837226800990269,1,11,2018,7,108518.71,103324.24,62471.53
10,0,2,1,0,32,151758,0.31048176233518365,1,1,2014,11,108518.71,118365.36,122619.67
2,1,1,1,2,51,78107,-0.6837226800990269,0,6,2005,20,110765.62,109274.83,103745.09
8,1,2,0,2,25,177264,0.6418832431465873,0,6,2022,3,110765.62,109274.83,154442.62
8,1,2,1,2,41,118973,0.14478102192948197,2,8,2010,15,110555.87,113431.1,154442.62
0,0,1,0,0,62,69057,-0.6837226800990269,2,3,2015,10,110555.87,117845.74,65423.93
0,4,2,0,0,45,53526,-0.6837226800990269,2,10,2001,24,110555.87,100804.94,65423.93
10,0,3,0,2,63,149582,0.4761825027408856,2,10,1999,26,110555.87,100804.94,122619.67
8,0,2,1,0,57,178447,1.1389854643636927,1,2,2000,25,108518.71,107533.96,154442.62
10,0,2,1,0,46,128845,0.3933321325380346,1,11,2018,7,108518.71,103324.24,122619.67
14,3,3,1,0,47,78985,-0.6837226800990269,1,1,2005,20,108518.71,118365.36,84523.89
1,3,2,0,2,43,226122,1.9674891663922014,0,6,2012,13,110765.62,109274.83,219659.46
14,3,1,0,0,36,99249,-0.6837226800990269,2,7,2016,9,110555.87,111679.74,84523.89
0,3,3,0,2,50,67756,-0.6837226800990269,2,3,2007,18,110555.87,117845.74,65423.93
0,4,2,1,2,56,65368,-0.6837226800990269,2,10,2012,13,110555.87,100804.94,65423.93
9,3,2,1,0,39,92523,-0.6837226800990269,2,7,2011,14,110555.87,111679.74,62471.53
8,3,1,1,1,41,192944,1.1389854643636927,2,7,2013,12,110555.87,111679.74,154442.62
0,0,0,1,0,41,72650,-0.6837226800990269,2,0,2019,6,110555.87,112919.81,65423.93
0,2,3,1,0,38,71235,-0.6837226800990269,1,4,2010,15,108518.71,104913.33,65423.93
1,3,2,0,1,26,188880,2.2988906472036046,2,8,2022,3,110555.87,113431.1,219659.46
7,3,3,1,2,33,90084,-0.6837226800990269,2,5,2016,9,110555.87,106790.3,88231.08
1,0,1,0,0,53,234064,2.0503395365950525,1,2,2005,20,108518.71,107533.96,219659.46
9,3,2,1,0,30,44454,-0.6837226800990269,1,1,2021,4,108518.71,118365.36,62471.53
5,1,1,1,2,40,105574,-0.6837226800990269,2,7,2014,11,110555.87,111679.74,86000.4
8,4,1,0,0,35,161453,1.553237315377947,2,8,2012,13,110555.87,113431.1,154442.62
10,3,2,0,0,52,128301,-0.18662045888192166,1,1,2013,12,108518.71,118365.36,122619.67
8,1,1,0,0,42,73404,-0.6837226800990269,2,0,2022,3,110555.87,112919.81,154442.62
0,0,1,1,2,38,68281,-0.6837226800990269,2,7,2021,4,110555.87,111679.74,65423.93
4,3,2,0,0,27,68712,-0.6837226800990269,2,5,2020,5,110555.87,106790.3,74141.06
0,0,2,0,2,46,54831,-0.6837226800990269,0,12,2005,20,110765.62,111856.37,65423.93
11,3,2,0,2,54,88906,-0.6837226800990269,2,8,2003,22,110555.87,113431.1,80432.44
0,0,3,1,0,46,93642,-0.6837226800990269,2,5,2012,13,110555.87,106790.3,65423.93
12,3,2,1,0,34,83576,-0.6837226800990269,1,11,2019,6,108518.71,103324.24,76039.56
1,0,2,0,0,45,257725,2.133189906797903,2,10,2014,11,110555.87,100804.94,219659.46
0,0,1,0,0,59,57704,-0.6837226800990269,1,11,2012,13,108518.71,103324.24,65423.93
10,2,2,1,0,54,154658,0.31048176233518365,1,4,1995,30,108518.71,104913.33,122619.67
1,0,3,1,0,53,252140,2.464591387609307,1,1,2012,13,108518.71,118365.36,219659.46
15,0,3,0,0,43,63229,-0.6837226800990269,2,7,2006,19,110555.87,111679.74,72277.69
14,3,2,0,0,44,74431,-0.6837226800990269,2,8,2003,22,110555.87,113431.1,84523.89
12,3,3,0,2,36,83548,-0.6837226800990269,2,7,2022,3,110555.87,111679.74,76039.56
14,3,2,0,0,60,81083,-0.6837226800990269,2,5,1993,32,110555.87,106790.3,84523.89
0,4,2,1,0,47,48523,-0.6837226800990269,2,0,2016,9,110555.87,112919.81,65423.93
15,0,3,0,2,65,90737,-0.6837226800990269,0,12,1997,28,110765.62,111856.37,72277.69
0,4,2,1,2,34,81646,-0.6837226800990269,2,8,2019,6,110555.87,113431.1,65423.93
1,0,3,1,0,48,246400,2.2988906472036046,1,4,2006,19,108518.71,104913.33,219659.46
3,2,0,0,2,35,53285,-0.6837226800990269,2,5,2015,10,110555.87,106790.3,51684.79
10,0,3,1,0,53,125545,-0.18662045888192166,2,0,2014,11,110555.87,112919.81,122619.67
15,3,0,1,2,31,63644,-0.6837226800990269,0,6,2015,10,110765.62,109274.83,72277.69
6,1,2,0,2,27,75583,-0.6837226800990269,0,6,2021,4,110765.62,109274.83,87506.86
0,0,1,1,0,26,91372,-0.6837226800990269,2,7,2020,5,110555.87,111679.74,65423.93
9,3,2,0,0,26,42343,-0.6837226800990269,2,7,2020,5,110555.87,111679.74,62471.53
0,0,0,0,0,29,48563,-0.6837226800990269,1,11,2017,8,108518.71,103324.24,65423.93
10,0,3,0,0,45,114072,-0.020919718476219845,2,8,2005,20,110555.87,113431.1,122619.67
0,0,3,0,0,58,89744,-0.6837226800990269,1,4,2009,16,108518.71,104913.33,65423.93
4,3,2,0,0,33,60690,-0.6837226800990269,1,4,2015,10,108518.71,104913.33,74141.06
8,2,3,0,0,53,173624,0.7247336133494382,2,7,1999,26,110555.87,111679.74,154442.62
0,4,3,1,0,35,86777,-0.6837226800990269,1,2,2022,3,108518.71,107533.96,65423.93
1,0,0,1,2,27,181587,2.464591387609307,0,6,2020,5,110765.62,109274.83,219659.46
15,0,3,1,0,45,80989,-0.6837226800990269,2,5,2016,9,110555.87,106790.3,72277.69
10,4,3,0,2,36,157976,0.14478102192948197,0,9,2019,6,110765.62,111071.12,122619.67
10,0,1,1,0,53,128226,-0.020919718476219845,1,11,2005,20,108518.71,103324.24,122619.67
15,0,2,1,0,47,57386,-0.6837226800990269,1,1,2013,12,108518.71,118365.36,72277.69
0,4,1,1,2,65,93857,-0.6837226800990269,2,8,2004,21,110555.87,113431.1,65423.93
9,3,1,1,0,34,68972,-0.6837226800990269,2,0,2021,4,110555.87,112919.81,62471.53
10,0,0,1,0,48,117736,-0.2694708290847725,2,5,2010,15,110555.87,106790.3,122619.67
6,1,0,0,2,55,64809,-0.6837226800990269,0,9,2003,22,110765.62,111071.12,87506.86
10,0,2,1,0,45,126697,0.3933321325380346,1,1,2009,16,108518.71,118365.36,122619.67
7,3,1,0,2,37,92849,-0.6837226800990269,2,3,2009,16,110555.87,117845.74,88231.08
10,0,3,0,0,62,134487,0.14478102192948197,2,10,2021,4,110555.87,100804.94,122619.67
0,0,0,0,0,57,57230,-0.6837226800990269,2,0,1993,32,110555.87,112919.81,65423.93
10,3,3,0,2,64,120704,-0.020919718476219845,2,7,2014,11,110555.87,111679.74,122619.67
14,3,0,1,0,65,75439,-0.6837226800990269,2,10,2015,10,110555.87,100804.94,84523.89
10,3,3,1,0,39,103466,-0.2694708290847725,2,3,2012,13,110555.87,117845.74,122619.67
10,0,2,0,1,42,106726,0.061930651726631,2,10,2014,11,110555.87,100804.94,122619.67
1,0,0,1,0,45,250639,2.133189906797903,1,11,2014,11,108518.71,103324.24,219659.46
0,0,3,1,2,55,54641,-0.6837226800990269,0,12,2002,23,110765.62,111856.37,65423.93
6,1,0,0,0,37,80015,-0.6837226800990269,2,3,2010,15,110555.87,117845.74,87506.86
10,4,0,1,0,57,122825,-0.020919718476219845,2,7,1996,29,110555.87,111679.74,122619.67
0,0,1,1,0,42,53829,-0.6837226800990269,1,1,2014,11,108518.71,118365.36,65423.93
8,0,0,0,2,30,168050,1.3046862047693941,0,6,2022,3,110765.62,109274.83,154442.62
8,4,2,1,2,36,179166,0.7247336133494382,0,6,2015,10,110765.62,109274.83,154442.62
0,0,2,1,0,28,53210,-0.6837226800990269,2,10,2018,7,110555.87,100804.94,65423.93
0,4,2,1,2,52,95682,-0.6837226800990269,2,10,2002,23,110555.87,100804.94,65423.93
1,4,1,0,0,45,216269,2.3817410174064557,2,3,2007,18,110555.87,117845.74,219659.46
0,0,3,0,2,52,43378,-0.6837226800990269,2,7,2014,11,110555.87,111679.74,65423.93
12,3,2,0,0,40,77637,-0.6837226800990269,1,4,2007,18,108518.71,104913.33,76039.56
8,3,3,1,0,59,190570,0.7247336133494382,1,1,2017,8,108518.71,118365.36,154442.62
8,1,0,0,0,44,82241,-0.6837226800990269,1,11,2017,8,108518.71,103324.24,154442.62
4,3,3,0,0,46,74026,-0.6837226800990269,2,8,2012,13,110555.87,113431.1,74141.06
0,0,2,0,2,33,56938,-0.6837226800990269,0,12,2019,6,110765.62,111856.37,65423.93
10,2,3,1,2,55,103795,-0.10377008867907069,2,10,2017,8,110555.87,100804.94,122619.67
4,3,1,0,0,42,79764,-0.6837226800990269,2,0,2020,5,110555.87,112919.81,74141.06
10,3,1,1,0,34,77024,0.061930651726631,2,8,2014,11,110555.87,113431.1,122619.67
10,0,0,0,2,29,106456,0.14478102192948197,2,5,2019,6,110555.87,106790.3,122619.67
7,3,1,1,2,27,88142,-0.6837226800990269,2,5,2020,5,110555.87,106790.3,88231.08
8,0,0,1,0,54,194221,0.6418832431465873,2,0,2004,21,110555.87,112919.81,154442.62
9,3,3,1,0,53,63165,-0.6837226800990269,2,10,1997,28,110555.87,100804.94,62471.53
9,3,3,0,0,34,44677,-0.6837226800990269,1,4,2021,4,108518.71,104913.33,62471.53
0,0,1,0,1,26,97542,-0.6837226800990269,2,8,2021,4,110555.87,113431.1,65423.93
1,1,3,0,0,26,211121,2.216040277000754,2,8,2022,3,110555.87,113431.1,219659.46
15,0,3,0,0,31,84925,-0.6837226800990269,2,0,2016,9,110555.87,112919.81,72277.69
10,2,2,0,0,26,88921,-0.6837226800990269,2,3,2020,5,110555.87,117845.74,122619.67
10,0,0,0,0,29,129172,-0.020919718476219845,1,1,2022,3,108518.71,118365.36,122619.67
10,0,0,0,0,64,147853,0.2276313921323328,2,0,1997,28,110555.87,112919.81,122619.67
8,4,1,0,2,44,167660,1.7189380557836484,0,12,2018,7,110765.62,111856.37,154442.62
8,3,2,0,2,52,166699,1.553237315377947,0,12,1999,26,110765.62,111856.37,154442.62
8,1,0,1,0,39,67216,-0.6837226800990269,2,8,2022,3,110555.87,113431.1,154442.62
1,0,1,1,0,40,235994,2.0503395365950525,1,1,2010,15,108518.71,118365.36,219659.46
13,1,0,0,2,27,61693,-0.6837226800990269,0,12,2020,5,110765.62,111856.37,78486.88
11,3,2,1,0,43,62492,-0.6837226800990269,2,5,2020,5,110555.87,106790.3,80432.44
0,3,1,1,2,49,40499,-0.6837226800990269,2,7,2003,22,110555.87,111679.74,65423.93
4,3,0,1,0,43,94555,-0.6837226800990269,2,0,2019,6,110555.87,112919.81,74141.06
1,3,1,1,2,60,239868,2.6302921280150087,2,7,2014,11,110555.87,111679.74,219659.46
10,2,3,1,0,57,136723,0.2276313921323328,2,0,2012,13,110555.87,112919.81,122619.67
0,0,1,1,0,28,85206,-0.6837226800990269,1,4,2021,4,108518.71,104913.33,65423.93
5,3,3,0,2,53,93053,-0.6837226800990269,0,12,2020,5,110765.62,111856.37,86000.4
10,4,0,1,2,48,121884,0.31048176233518365,2,0,2019,6,110555.87,112919.81,122619.67
1,4,3,0,0,50,181570,2.216040277000754,2,7,2018,7,110555.87,111679.74,219659.46
1,3,2,0,0,47,246303,2.133189906797903,2,5,2018,7,110555.87,106790.3,219659.46
0,0,3,0,0,28,63066,-0.6837226800990269,2,10,2020,5,110555.87,100804.94,65423.93
10,2,1,0,0,52,88220,-0.6837226800990269,1,11,2019,6,108518.71,103324.24,122619.67
8,1,3,1,0,50,96099,0.2276313921323328,2,3,1999,26,110555.87,117845.74,154442.62
0,0,0,0,2,51,59311,-0.6837226800990269,0,12,1995,30,110765.62,111856.37,65423.93
15,0,3,1,0,51,67418,-0.6837226800990269,1,11,1999,26,108518.71,103324.24,72277.69
10,4,3,0,2,55,117912,-0.2694708290847725,0,9,2022,3,110765.62,111071.12,122619.67
10,0,1,0,0,44,129099,-0.18662045888192166,2,0,2010,15,110555.87,112919.81,122619.67
10,0,3,1,0,55,113525,-0.18662045888192166,2,7,1997,28,110555.87,111679.74,122619.67
10,4,2,1,2,62,158614,0.4761825027408856,0,9,2000,25,110765.62,111071.12,122619.67
10,3,1,0,2,40,125900,-0.10377008867907069,2,10,2009,16,110555.87,100804.94,122619.67
0,0,0,1,0,27,52058,-0.6837226800990269,2,5,2022,3,110555.87,106790.3,65423.93
0,0,2,0,2,48,43980,-0.6837226800990269,2,5,2015,10,110555.87,106790.3,65423.93
0,0,2,0,1,56,55008,-0.6837226800990269,2,0,2012,13,110555.87,112919.81,65423.93
0,2,0,0,0,34,71699,-0.6837226800990269,2,8,2014,11,110555.87,113431.1,65423.93
10,0,0,1,0,27,120315,-0.020919718476219845,2,7,2022,3,110555.87,111679.74,122619.67
10,2,3,1,1,28,115916,0.061930651726631,2,3,2019,6,110555.87,117845.74,122619.67
0,0,1,1,0,27,56919,-0.6837226800990269,2,7,2022,3,110555.87,111679.74,65423.93
0,0,2,0,0,45,48491,-0.6837226800990269,2,0,2015,10,110555.87,112919.81,65423.93
9,3,1,0,2,43,85164,-0.6837226800990269,0,12,2010,15,110765.62,111856.37,62471.53
2,1,2,1,0,36,121049,-0.6837226800990269,2,10,2019,6,110555.87,100804.94,103745.09
14,3,0,0,0,43,70923,-0.6837226800990269,2,5,2007,18,110555.87,106790.3,84523.89
5,3,0,1,0,43,85261,-0.6837226800990269,1,2,2009,16,108518.71,107533.96,86000.4
2,1,2,0,0,33,124681,-0.6837226800990269,2,8,2020,5,110555.87,113431.1,103745.09
8,1,0,0,0,28,87675,-0.6837226800990269,1,1,2019,6,108518.71,118365.36,154442.62
0,0,3,1,2,58,58867,-0.6837226800990269,0,9,2014,11,110765.62,111071.12,65423.93
10,3,3,1,0,44,151481,0.2276313921323328,2,3,2019,6,110555.87,117845.74,122619.67
9,3,3,1,0,64,70516,-0.6837226800990269,1,2,1994,31,108518.71,107533.96,62471.53
0,2,2,1,2,62,72025,-0.6837226800990269,0,6,2018,7,110765.62,109274.83,65423.93
0,0,0,1,0,55,65022,-0.6837226800990269,1,4,2011,14,108518.71,104913.33,65423.93
0,4,3,0,0,57,51415,-0.6837226800990269,2,5,2008,17,110555.87,106790.3,65423.93
0,0,1,1,0,52,50775,-0.6837226800990269,2,10,2002,23,110555.87,100804.94,65423.93
10,0,0,1,0,38,121546,0.14478102192948197,1,11,2011,14,108518.71,103324.24,122619.67
16,1,2,0,2,45,92037,-0.6837226800990269,2,8,2007,18,110555.87,113431.1,81257.92
10,0,1,1,1,52,129231,0.061930651726631,2,7,2002,23,110555.87,111679.74,122619.67
4,3,1,0,1,59,92216,-0.6837226800990269,2,3,1993,32,110555.87,117845.74,74141.06
10,0,0,1,2,42,138215,0.31048176233518365,0,6,2005,20,110765.62,109274.83,122619.67
11,3,1,1,0,32,71674,-0.6837226800990269,2,3,2021,4,110555.87,117845.74,80432.44
8,1,3,1,0,58,91729,0.3933321325380346,2,3,2003,22,110555.87,117845.74,154442.62
8,0,2,1,0,53,154141,1.4703869451750962,1,4,2018,7,108518.71,104913.33,154442.62
8,1,3,0,0,45,183165,0.807583983552289,2,7,2019,6,110555.87,111679.74,154442.62
10,3,1,1,2,55,68592,-0.020919718476219845,0,12,2003,22,110765.62,111856.37,122619.67
10,0,1,1,2,56,121751,-0.020919718476219845,2,5,2015,10,110555.87,106790.3,122619.67
8,1,0,0,2,42,175391,1.3046862047693941,2,0,2005,20,110555.87,112919.81,154442.62
10,2,3,1,0,39,126350,-0.2694708290847725,2,0,2008,17,110555.87,112919.81,122619.67
10,2,3,0,0,39,128497,-0.10377008867907069,1,2,2018,7,108518.71,107533.96,122619.67
8,4,0,0,0,47,163922,1.0561350941608418,2,8,2014,11,110555.87,113431.1,154442.62
15,3,2,0,1,43,83323,-0.6837226800990269,2,8,2013,12,110555.87,113431.1,72277.69
8,0,3,0,0,58,150633,0.8904343537551399,2,8,2010,15,110555.87,113431.1,154442.62
8,3,1,0,0,65,164102,1.8017884259864994,2,5,1996,29,110555.87,106790.3,154442.62
10,4,3,1,1,31,159121,0.4761825027408856,2,8,2018,7,110555.87,113431.1,122619.67
7,3,2,0,0,27,99612,-0.6837226800990269,1,11,2021,4,108518.71,103324.24,88231.08
0,0,2,0,0,49,95033,-0.6837226800990269,2,0,1999,26,110555.87,112919.81,65423.93
0,0,1,0,0,65,96897,-0.6837226800990269,1,2,1997,28,108518.71,107533.96,65423.93
10,2,0,1,0,40,73041,-0.6837226800990269,1,11,2018,7,108518.71,103324.24,122619.67
0,0,2,1,0,27,73203,-0.6837226800990269,2,7,2022,3,110555.87,111679.74,65423.93
10,0,2,1,2,61,156512,0.3933321325380346,0,9,2006,19,110765.62,111071.12,122619.67
0,0,0,1,0,50,54646,-0.6837226800990269,2,10,2002,23,110555.87,100804.94,65423.93
10,0,2,0,0,39,122058,0.4761825027408856,1,1,2012,13,108518.71,118365.36,122619.67
1,3,0,0,2,46,192286,1.9674891663922014,0,9,2020,5,110765.62,111071.12,219659.46
3,2,0,1,0,55,47696,-0.6837226800990269,2,10,2001,24,110555.87,100804.94,51684.79
15,0,0,1,0,33,89759,-0.6837226800990269,1,4,2022,3,108518.71,104913.33,72277.69
15,3,3,0,0,39,63259,-0.6837226800990269,2,3,2009,16,110555.87,117845.74,72277.69
1,4,1,1,0,31,189403,2.2988906472036046,1,11,2019,6,108518.71,103324.24,219659.46
1,1,3,0,0,26,249062,2.5474417578121575,2,7,2022,3,110555.87,111679.74,219659.46
8,1,3,0,0,32,68780,-0.6837226800990269,1,1,2014,11,108518.71,118365.36,154442.62
16,1,2,1,2,45,84309,-0.6837226800990269,0,6,2017,8,110765.62,109274.83,81257.92
15,0,2,0,0,51,50975,-0.6837226800990269,1,2,2018,7,108518.71,107533.96,72277.69
0,4,3,1,0,50,96297,-0.6837226800990269,2,7,1996,29,110555.87,111679.74,65423.93
16,1,2,1,0,46,79294,-0.6837226800990269,1,2,2003,22,108518.71,107533.96,81257.92
0,0,0,1,0,65,63853,-0.6837226800990269,2,0,1998,27,110555.87,112919.81,65423.93
12,3,1,1,0,62,66227,-0.6837226800990269,2,8,2004,21,110555.87,113431.1,76039.56
0,3,1,0,2,31,73612,-0.6837226800990269,0,9,2015,10,110765.62,111071.12,65423.93
14,3,0,1,0,45,81384,-0.6837226800990269,1,1,2004,21,108518.71,118365.36,84523.89
0,0,1,1,1,47,66138,-0.6837226800990269,2,8,2015,10,110555.87,113431.1,65423.93
6,1,0,1,0,29,74901,-0.6837226800990269,2,0,2022,3,110555.87,112919.81,87506.86
10,0,1,1,0,61,101517,0.061930651726631,2,10,2003,22,110555.87,100804.94,122619.67
8,3,1,1,0,45,150558,1.2218358345665437,1,4,2017,8,108518.71,104913.33,154442.62
10,2,2,0,0,51,104008,0.14478102192948197,1,1,2020,5,108518.71,118365.36,122619.67
9,3,3,0,0,32,73135,-0.6837226800990269,2,8,2021,4,110555.87,113431.1,62471.53
10,2,0,0,0,55,128954,-0.2694708290847725,2,8,2005,20,110555.87,113431.1,122619.67
9,3,1,1,0,52,60784,-0.6837226800990269,2,0,2018,7,110555.87,112919.81,62471.53
0,2,2,0,0,51,72589,-0.6837226800990269,2,0,2011,14,110555.87,112919.81,65423.93
15,0,0,1,2,34,80655,-0.6837226800990269,0,12,2022,3,110765.62,111856.37,72277.69
10,2,0,1,2,49,152911,0.14478102192948197,0,9,2014,11,110765.62,111071.12,122619.67
15,0,2,1,2,49,75814,-0.6837226800990269,2,3,2005,20,110555.87,117845.74,72277.69
0,0,3,1,0,38,54713,-0.6837226800990269,2,5,2013,12,110555.87,106790.3,65423.93
11,3,0,1,2,64,72772,-0.6837226800990269,0,6,1997,28,110765.62,109274.83,80432.44
10,0,0,0,0,54,158403,0.4761825027408856,2,10,2011,14,110555.87,100804.94,122619.67
0,0,0,0,0,49,50012,-0.6837226800990269,2,10,2021,4,110555.87,100804.94,65423.93
1,0,2,0,0,39,189823,2.464591387609307,2,5,2011,14,110555.87,106790.3,219659.46
10,3,0,0,0,33,124404,0.31048176233518365,1,4,2018,7,108518.71,104913.33,122619.67
1,3,0,1,1,39,239395,2.0503395365950525,2,10,2010,15,110555.87,100804.94,219659.46
1,0,1,1,0,28,201013,1.8846387961893505,2,8,2018,7,110555.87,113431.1,219659.46
8,4,3,0,1,53,163480,0.5590328729437363,2,5,2013,12,110555.87,106790.3,154442.62
11,3,0,1,2,33,84317,-0.6837226800990269,0,9,2022,3,110765.62,111071.12,80432.44
0,3,1,0,0,27,51133,-0.6837226800990269,2,3,2021,4,110555.87,117845.74,65423.93
10,4,0,0,0,27,118304,-0.10377008867907069,1,11,2022,3,108518.71,103324.24,122619.67
10,4,2,0,0,63,106880,-0.020919718476219845,2,0,2005,20,110555.87,112919.81,122619.67
3,2,0,0,2,43,59514,-0.6837226800990269,0,9,2006,19,110765.62,111071.12,51684.79
10,2,3,1,0,63,106481,-0.2694708290847725,1,1,2004,21,108518.71,118365.36,122619.67
1,2,1,0,0,50,216787,2.0503395365950525,1,1,2011,14,108518.71,118365.36,219659.46
0,3,3,1,0,53,55039,-0.6837226800990269,2,10,2000,25,110555.87,100804.94,65423.93
10,4,3,0,0,53,125099,-0.020919718476219845,1,2,2014,11,108518.71,107533.96,122619.67
0,0,2,1,2,47,83793,-0.6837226800990269,2,7,2007,18,110555.87,111679.74,65423.93
0,4,3,1,0,42,40778,-0.6837226800990269,1,2,2008,17,108518.71,107533.96,65423.93
10,0,3,1,2,41,113246,-0.18662045888192166,2,3,2014,11,110555.87,117845.74,122619.67
0,4,3,0,2,25,70126,-0.6837226800990269,0,12,2021,4,110765.62,111856.37,65423.93
0,0,2,0,0,33,64327,-0.6837226800990269,1,4,2020,5,108518.71,104913.33,65423.93
0,4,3,1,0,43,79090,-0.6837226800990269,1,2,2007,18,108518.71,107533.96,65423.93
8,0,1,0,0,36,151055,0.8904343537551399,2,5,2015,10,110555.87,106790.3,154442.62
9,3,0,0,2,53,52675,-0.6837226800990269,0,6,2013,12,110765.62,109274.83,62471.53
10,3,3,1,0,55,103726,-0.020919718476219845,1,11,1994,31,108518.71,103324.24,122619.67
0,2,3,1,2,34,55985,-0.6837226800990269,2,10,2012,13,110555.87,100804.94,65423.93
0,0,2,1,0,54,53931,-0.6837226800990269,2,5,1998,27,110555.87,106790.3,65423.93
0,4,3,0,0,26,51825,-0.6837226800990269,2,8,2020,5,110555.87,113431.1,65423.93
0,2,3,0,0,62,51454,-0.6837226800990269,2,10,1999,26,110555.87,100804.94,65423.93
1,0,3,0,0,55,213998,2.133189906797903,2,7,1999,26,110555.87,111679.74,219659.46
10,3,1,0,0,47,155600,0.4761825027408856,1,4,2010,15,108518.71,104913.33,122619.67
10,0,3,1,0,46,126704,0.4761825027408856,2,8,2015,10,110555.87,113431.1,122619.67
1,1,3,1,0,46,195471,2.2988906472036046,2,8,2007,18,110555.87,113431.1,219659.46
0,0,2,0,2,45,86303,-0.6837226800990269,2,8,2005,20,110555.87,113431.1,65423.93
12,3,1,0,0,50,63884,-0.6837226800990269,2,7,2013,12,110555.87,111679.74,76039.56
0,4,2,0,0,57,73117,-0.6837226800990269,2,5,1996,29,110555.87,106790.3,65423.93
